firstName,lastName,email,phone,companyName,industry,city,state,website
John,Smith,john@smithroofing.com,+15551234567,Smith Roofing,ROOFING,Dallas,TX,https://smithroofing.com
Maria,Garcia,maria@garcialaw.com,+15559876543,Garcia Law Group,LEGAL,Austin,TX,https://garcialaw.com
Bob,Jones,bob@jonesrestoration.com,+15554567890,Jones Restoration,RESTORATION,Houston,TX,
Sarah,Lee,sarah@leetree.com,+15557891234,Lee Tree Service,LANDSCAPING,San Antonio,TX,https://leetree.com
Mike,Chen,mike@chenplumbing.com,+15553216549,Chen Plumbing,PLUMBING,Fort Worth,TX,
